Timestamp,Fridge (kWh),Oven (kWh),Lights (kWh),EV Charger (kWh)
2024-12-19 11:45:11.796134,0.15161132631335464,0.0,0.0,0.0
2024-12-19 12:00:11.796134,0.13380151474830465,0.0,0.0,0.0
2024-12-19 12:15:11.796134,0.13108295588525481,0.0,0.0,0.0
2024-12-19 12:30:11.796134,0.15164995865400052,0.0,0.0,8.076509640048846
2024-12-19 12:45:11.796134,0.1428292235571665,0.0,0.0,0.0
2024-12-19 13:00:11.796134,0.14847733570465327,0.0,0.0,0.0
2024-12-19 13:15:11.796134,0.15922119414422023,0.0,0.0,0.0
2024-12-19 13:30:11.796134,0.15096364584953456,0.0,0.0,0.0
2024-12-19 13:45:11.796134,0.15432627359263262,0.0,0.0,0.0
2024-12-19 14:00:11.796134,0.1770849834870109,0.0,0.0,0.0
2024-12-19 14:15:11.796134,0.16037332614801109,0.0,0.0,9.571222360345763
2024-12-19 14:30:11.796134,0.1384863819302813,0.0,0.0,0.0
2024-12-19 14:45:11.796134,0.15841746778676288,0.0,0.0,0.0
2024-12-19 15:00:11.796134,0.15694762326141232,0.0,0.0,0.0
2024-12-19 15:15:11.796134,0.14471651369265096,0.0,0.0,0.0
2024-12-19 15:30:11.796134,0.14804664144758856,0.0,0.0,8.522620403597188
2024-12-19 15:45:11.796134,0.15378477437468646,0.0,0.0,0.0
2024-12-19 16:00:11.796134,0.17317503199621032,0.0,0.0,0.0
2024-12-19 16:15:11.796134,0.10395063027169962,0.0,0.0,0.0
2024-12-19 16:30:11.796134,0.15954144667185838,0.0,0.0,0.0
2024-12-19 16:45:11.796134,0.13288581520917778,0.0,0.0,0.0
2024-12-19 17:00:11.796134,0.14900775611813083,0.0,0.0,0.0
2024-12-19 17:15:11.796134,0.1558921282530119,2.66726427316106,0.0,0.0
2024-12-19 17:30:11.796134,0.1638938885619516,2.66726427316106,0.0,0.0
2024-12-19 17:45:11.796134,0.16388982864825724,2.66726427316106,0.0,0.0
2024-12-19 18:00:11.796134,0.13519359758019792,0.0,0.0,0.0
2024-12-19 18:15:11.796134,0.1667885269420054,0.0,0.0,0.0
2024-12-19 18:30:11.796134,0.14231224722464011,0.0,0.0,8.468276744433332
2024-12-19 18:45:11.796134,0.163310207517247,0.0,0.0,0.0
2024-12-19 19:00:11.796134,0.16392264559142525,0.0,0.06665896534152636,0.0
2024-12-19 19:15:11.796134,0.1438450477276256,0.0,0.0855732261766034,0.0
2024-12-19 19:30:11.796134,0.17377132339519752,2.66726427316106,0.08288025825227058,0.0
2024-12-19 19:45:11.796134,0.11627936217615978,0.0,0.02593616565726361,0.0
2024-12-19 20:00:11.796134,0.16671089592592564,0.0,0.04411514474703808,0.0
2024-12-19 20:15:11.796134,0.17291904131116193,2.66726427316106,0.02802896129518233,0.0
2024-12-19 20:30:11.796134,0.1715755048065881,2.66726427316106,0.0409062634153928,0.0
2024-12-19 20:45:11.796134,0.1598033154159538,0.0,0.03478916507967596,0.0
2024-12-19 21:00:11.796134,0.10950956589950916,0.0,0.048821121536488835,0.0
2024-12-19 21:15:11.796134,0.19390502382482028,0.0,0.08878901503777767,0.0
2024-12-19 21:30:11.796134,0.1474888076936676,0.0,0.08399861075905142,0.0
2024-12-19 21:45:11.796134,0.14225781225193002,0.0,0.09899556948285694,0.0
2024-12-19 22:00:11.796134,0.12173199035277182,0.0,0.08840453968870737,0.0
2024-12-19 22:15:11.796134,0.1387468008797805,0.0,0.09005368023050518,0.0
2024-12-19 22:30:11.796134,0.10927933113167096,0.0,0.038567176372548154,0.0
2024-12-19 22:45:11.796134,0.10803829313458888,0.0,0.0770199643156657,0.0
2024-12-19 23:00:11.796134,0.1574217617726015,0.0,0.0903771225705859,0.0
2024-12-19 23:15:11.796134,0.14786111230618262,0.0,0.08646533557113474,0.0
2024-12-19 23:30:11.796134,0.14525619221786193,0.0,0.04678051058762185,0.0
2024-12-19 23:45:11.796134,0.1239613209998529,0.0,0.0761469338463196,9.750680958373325
2024-12-20 00:00:11.796134,0.15744407547168127,0.0,0.07380092458821953,0.0
2024-12-20 00:15:11.796134,0.15163593954207982,0.0,0.07531217592257905,9.229010351926156
2024-12-20 00:30:11.796134,0.17543651884017478,0.0,0.06499977463129591,0.0
2024-12-20 00:45:11.796134,0.1631387135447209,0.0,0.08087238059820477,0.0
2024-12-20 01:00:11.796134,0.13222315172645627,0.0,0.06562958835678409,0.0
2024-12-20 01:15:11.796134,0.13288073213930507,0.0,0.04574599883714913,0.0
2024-12-20 01:30:11.796134,0.16241264966106744,0.0,0.025759878527005915,0.0
2024-12-20 01:45:11.796134,0.13305372655225786,0.0,0.039604625845937776,7.299761088496096
2024-12-20 02:00:11.796134,0.138031460512636,0.0,0.0617587823565352,0.0
2024-12-20 02:15:11.796134,0.16029586570190527,0.0,0.04598814671290233,0.0
2024-12-20 02:30:11.796134,0.1685112154337534,0.0,0.050892571884141216,0.0
2024-12-20 02:45:11.796134,0.10674430295444351,0.0,0.052243977058856916,0.0
2024-12-20 03:00:11.796134,0.12117993957043813,0.0,0.07234728310144027,0.0
2024-12-20 03:15:11.796134,0.13320061097498914,0.0,0.030065660097338506,0.0
2024-12-20 03:30:11.796134,0.1640388345364765,0.0,0.04902226549927691,0.0
2024-12-20 03:45:11.796134,0.14389345000224762,0.0,0.06093412841129396,0.0
2024-12-20 04:00:11.796134,0.1349516605562891,0.0,0.060203811610882924,0.0
2024-12-20 04:15:11.796134,0.14130830402699796,0.0,0.08445073564729139,0.0
2024-12-20 04:30:11.796134,0.1564852762774979,0.0,0.09878512156409226,0.0
2024-12-20 04:45:11.796134,0.17588158024384665,0.0,0.054163410186596955,0.0
2024-12-20 05:00:11.796134,0.14361317960730083,0.0,0.05013264045542298,0.0
2024-12-20 05:15:11.796134,0.16846582292302892,0.0,0.07104360322949153,10.690151618881423
2024-12-20 05:30:11.796134,0.15138464995179565,0.0,0.07727570528091819,0.0
2024-12-20 05:45:11.796134,0.1821370620840011,0.0,0.059713355527116235,0.0
2024-12-20 06:00:11.796134,0.13187909257538283,0.0,0.0,0.0
2024-12-20 06:15:11.796134,0.13150369931800618,0.0,0.0,0.0
2024-12-20 06:30:11.796134,0.11375114676586184,0.0,0.0,0.0
2024-12-20 06:45:11.796134,0.17215181020759796,0.0,0.0,0.0
2024-12-20 07:00:11.796134,0.1324179818259967,0.0,0.0,0.0
2024-12-20 07:15:11.796134,0.12530579104958797,0.0,0.0,0.0
2024-12-20 07:30:11.796134,0.13578905205554273,0.0,0.0,0.0
2024-12-20 07:45:11.796134,0.13995528509082422,0.0,0.0,0.0
2024-12-20 08:00:11.796134,0.14683709242462156,0.0,0.0,0.0
2024-12-20 08:15:11.796134,0.16638334626293255,0.0,0.0,8.172463526607379
2024-12-20 08:30:11.796134,0.17752206832273582,0.0,0.0,8.792244910800992
2024-12-20 08:45:11.796134,0.13543570263955912,2.66726427316106,0.0,0.0
2024-12-20 09:00:11.796134,0.14898548541777631,2.66726427316106,0.0,0.0
2024-12-20 09:15:11.796134,0.1620494063421809,0.0,0.0,0.0
2024-12-20 09:30:11.796134,0.16994571071067355,0.0,0.0,0.0
2024-12-20 09:45:11.796134,0.1258552874950797,0.0,0.0,0.0
2024-12-20 10:00:11.796134,0.13264197923798993,0.0,0.0,0.0
2024-12-20 10:15:11.796134,0.16438736337417192,0.0,0.0,0.0
2024-12-20 10:30:11.796134,0.15729500776593508,0.0,0.0,0.0
2024-12-20 10:45:11.796134,0.13359444437061357,0.0,0.0,0.0
2024-12-20 11:00:11.796134,0.16112932898273682,0.0,0.0,0.0
2024-12-20 11:15:11.796134,0.13657217051415416,0.0,0.0,0.0
2024-12-20 11:30:11.796134,0.14272733911067736,0.0,0.0,0.0
2024-12-20 11:45:11.796134,0.1836098989331844,0.0,0.0,0.0
2024-12-20 12:00:11.796134,0.1631294424417875,0.0,0.0,0.0
2024-12-20 12:15:11.796134,0.14429178286644567,0.0,0.0,0.0
2024-12-20 12:30:11.796134,0.103520753449356,0.0,0.0,0.0
2024-12-20 12:45:11.796134,0.15095935123192636,0.0,0.0,0.0
2024-12-20 13:00:11.796134,0.13362904433171646,0.0,0.0,0.0
2024-12-20 13:15:11.796134,0.1595951432946746,0.0,0.0,0.0
2024-12-20 13:30:11.796134,0.1888605115014761,0.0,0.0,0.0
2024-12-20 13:45:11.796134,0.15462229376364134,0.0,0.0,8.998114322846837
2024-12-20 14:00:11.796134,0.1731963748369949,2.66726427316106,0.0,0.0
2024-12-20 14:15:11.796134,0.14219984540923652,0.0,0.0,0.0
2024-12-20 14:30:11.796134,0.11049574707572941,0.0,0.0,0.0
2024-12-20 14:45:11.796134,0.1396126795739663,0.0,0.0,0.0
2024-12-20 15:00:11.796134,0.14575026351721032,0.0,0.0,0.0
2024-12-20 15:15:11.796134,0.14177569331755469,0.0,0.0,0.0
2024-12-20 15:30:11.796134,0.15003880179184548,0.0,0.0,0.0
2024-12-20 15:45:11.796134,0.15091572854295662,0.0,0.0,0.0
2024-12-20 16:00:11.796134,0.1537006911211327,0.0,0.0,0.0
2024-12-20 16:15:11.796134,0.18601413761717073,0.0,0.0,0.0
2024-12-20 16:30:11.796134,0.1745536015190418,0.0,0.0,0.0
2024-12-20 16:45:11.796134,0.1426730493154394,0.0,0.0,0.0
2024-12-20 17:00:11.796134,0.170122644992918,0.0,0.0,0.0
2024-12-20 17:15:11.796134,0.18138314196061336,0.0,0.0,0.0
2024-12-20 17:30:11.796134,0.2028248287541785,0.0,0.0,0.0
2024-12-20 17:45:11.796134,0.141177765068904,0.0,0.0,0.0
2024-12-20 18:00:11.796134,0.15919498952516925,0.0,0.0,0.0
2024-12-20 18:15:11.796134,0.1410679876738976,0.0,0.0,0.0
2024-12-20 18:30:11.796134,0.13305557853624617,0.0,0.0,0.0
2024-12-20 18:45:11.796134,0.1641525912496896,0.0,0.0,0.0
2024-12-20 19:00:11.796134,0.15716433101177235,0.0,0.08412201876668604,0.0
2024-12-20 19:15:11.796134,0.1737722109186249,0.0,0.029564132350793762,0.0
2024-12-20 19:30:11.796134,0.12545607032902145,0.0,0.028541515344528562,0.0
2024-12-20 19:45:11.796134,0.16795271152418798,0.0,0.07589339178428858,0.0
2024-12-20 20:00:11.796134,0.15058947942710438,0.0,0.09605644313444063,0.0
2024-12-20 20:15:11.796134,0.13850601953321098,0.0,0.04366255629800812,0.0
2024-12-20 20:30:11.796134,0.15358090474507513,0.0,0.06881182738999071,0.0
2024-12-20 20:45:11.796134,0.14846483484997655,0.0,0.06309722692825098,10.344785835139382
2024-12-20 21:00:11.796134,0.1729432689851958,0.0,0.07027244287616617,0.0
2024-12-20 21:15:11.796134,0.15058738824751108,0.0,0.07683253787142869,0.0
2024-12-20 21:30:11.796134,0.12211010202357647,0.0,0.05839926230897366,0.0
2024-12-20 21:45:11.796134,0.13879387054715647,0.0,0.04156458726754915,0.0
2024-12-20 22:00:11.796134,0.15285728720370675,0.0,0.0883718429683694,10.689086648632355
2024-12-20 22:15:11.796134,0.11955644893628745,0.0,0.0263200732876502,0.0
2024-12-20 22:30:11.796134,0.14378647952378162,0.0,0.022356947842341466,0.0
2024-12-20 22:45:11.796134,0.1597925675553818,0.0,0.032705460551882864,0.0
2024-12-20 23:00:11.796134,0.16499815941988438,0.0,0.028476070811858493,0.0
2024-12-20 23:15:11.796134,0.20808627188890755,0.0,0.08197292049987885,0.0
2024-12-20 23:30:11.796134,0.1539716842794152,0.0,0.05170114275590032,0.0
2024-12-20 23:45:11.796134,0.1347116782742906,0.0,0.07024857581693286,0.0
2024-12-21 00:00:11.796134,0.12256291233107615,0.0,0.08763338974547899,0.0
2024-12-21 00:15:11.796134,0.12921606497920735,0.0,0.048251873519717235,0.0
2024-12-21 00:30:11.796134,0.13214800391325326,0.0,0.07404974994621218,0.0
2024-12-21 00:45:11.796134,0.1703678011728091,0.0,0.07234716134442178,0.0
2024-12-21 01:00:11.796134,0.17031642525528035,0.0,0.0752220390375694,0.0
2024-12-21 01:15:11.796134,0.1439392400075013,0.0,0.05394416269761605,0.0
2024-12-21 01:30:11.796134,0.16887791758698753,0.0,0.0703969920138924,0.0
2024-12-21 01:45:11.796134,0.15888170858794054,0.0,0.03351513778740104,0.0
2024-12-21 02:00:11.796134,0.1493305651663849,0.0,0.02834768766945012,0.0
2024-12-21 02:15:11.796134,0.16150924932965183,0.0,0.08720033221481015,0.0
2024-12-21 02:30:11.796134,0.12752165229442722,0.0,0.0633492100382267,0.0
2024-12-21 02:45:11.796134,0.18782454516749386,0.0,0.02766220669249729,0.0
2024-12-21 03:00:11.796134,0.1411286051080476,0.0,0.031104407245963486,0.0
2024-12-21 03:15:11.796134,0.13305831727730455,0.0,0.02292761768135842,0.0
2024-12-21 03:30:11.796134,0.1736226150862388,0.0,0.020153758700184536,0.0
2024-12-21 03:45:11.796134,0.13533695843425445,0.0,0.021748932228346333,0.0
2024-12-21 04:00:11.796134,0.15177094827942,0.0,0.0388085830593524,0.0
2024-12-21 04:15:11.796134,0.11848693680609684,0.0,0.05116236870410576,0.0
2024-12-21 04:30:11.796134,0.1674794741778204,0.0,0.03737014554613241,0.0
2024-12-21 04:45:11.796134,0.163283701062741,0.0,0.05176785796146814,0.0
2024-12-21 05:00:11.796134,0.16787509956446184,0.0,0.06100159065554428,0.0
2024-12-21 05:15:11.796134,0.1686910893308848,0.0,0.0309906913756977,0.0
2024-12-21 05:30:11.796134,0.1537473056394212,0.0,0.07607944110149042,8.685358554680025
2024-12-21 05:45:11.796134,0.1549632935471234,0.0,0.06979618962907229,0.0
2024-12-21 06:00:11.796134,0.11945501292182703,0.0,0.0,0.0
2024-12-21 06:15:11.796134,0.15893994924616603,0.0,0.0,0.0
2024-12-21 06:30:11.796134,0.15872405109154222,0.0,0.0,0.0
2024-12-21 06:45:11.796134,0.13147760055267146,0.0,0.0,0.0
2024-12-21 07:00:11.796134,0.16911157792926634,0.0,0.0,0.0
2024-12-21 07:15:11.796134,0.17350350380128945,0.0,0.0,0.0
2024-12-21 07:30:11.796134,0.1438725329510955,0.0,0.0,0.0
2024-12-21 07:45:11.796134,0.14973284058960187,0.0,0.0,0.0
2024-12-21 08:00:11.796134,0.15716990056887103,0.0,0.0,0.0
2024-12-21 08:15:11.796134,0.12774959025124966,0.0,0.0,8.272115226902653
2024-12-21 08:30:11.796134,0.13470236619665718,0.0,0.0,0.0
2024-12-21 08:45:11.796134,0.16064175600298683,0.0,0.0,0.0
2024-12-21 09:00:11.796134,0.15465251104761427,0.0,0.0,0.0
2024-12-21 09:15:11.796134,0.18619099132061695,0.0,0.0,0.0
2024-12-21 09:30:11.796134,0.17386192921687274,0.0,0.0,0.0
2024-12-21 09:45:11.796134,0.1386503225354216,0.0,0.0,0.0
2024-12-21 10:00:11.796134,0.1503145823111533,0.0,0.0,0.0
2024-12-21 10:15:11.796134,0.15092007555714604,0.0,0.0,0.0
2024-12-21 10:30:11.796134,0.15000525803716167,0.0,0.0,0.0
2024-12-21 10:45:11.796134,0.17540029316228034,0.0,0.0,0.0
2024-12-21 11:00:11.796134,0.14346274965854153,0.0,0.0,0.0
2024-12-21 11:15:11.796134,0.14604326025872674,0.0,0.0,0.0
2024-12-21 11:30:11.796134,0.1337837714497817,0.0,0.0,0.0
2024-12-21 11:45:11.796134,0.1426098383278656,0.0,0.0,0.0
2024-12-21 12:00:11.796134,0.1622185621019025,0.0,0.0,0.0
2024-12-21 12:15:11.796134,0.1774481853985977,0.0,0.0,0.0
2024-12-21 12:30:11.796134,0.1543624509480197,0.0,0.0,0.0
2024-12-21 12:45:11.796134,0.176416300317097,0.0,0.0,0.0
2024-12-21 13:00:11.796134,0.13234317922692265,0.0,0.0,0.0
2024-12-21 13:15:11.796134,0.12408034408573525,0.0,0.0,0.0
2024-12-21 13:30:11.796134,0.14736412003885632,0.0,0.0,7.72100613249955
2024-12-21 13:45:11.796134,0.14313628847316565,0.0,0.0,0.0
2024-12-21 14:00:11.796134,0.15999120569444458,0.0,0.0,0.0
2024-12-21 14:15:11.796134,0.10570046669321151,0.0,0.0,0.0
2024-12-21 14:30:11.796134,0.14035743581312518,0.0,0.0,0.0
2024-12-21 14:45:11.796134,0.16115178048502224,0.0,0.0,0.0
2024-12-21 15:00:11.796134,0.14932042410619675,0.0,0.0,0.0
2024-12-21 15:15:11.796134,0.13675651178404707,0.0,0.0,10.27347907562336
2024-12-21 15:30:11.796134,0.16653203156222138,0.0,0.0,9.815383503564501
2024-12-21 15:45:11.796134,0.14551876416238915,0.0,0.0,0.0
2024-12-21 16:00:11.796134,0.1513364048711211,0.0,0.0,0.0
2024-12-21 16:15:11.796134,0.13610521570784995,0.0,0.0,0.0
2024-12-21 16:30:11.796134,0.15544566796995243,0.0,0.0,0.0
2024-12-21 16:45:11.796134,0.13793864997638705,0.0,0.0,0.0
2024-12-21 17:00:11.796134,0.12669032080211964,0.0,0.0,0.0
2024-12-21 17:15:11.796134,0.16495203690605817,0.0,0.0,0.0
2024-12-21 17:30:11.796134,0.14724277387191248,0.0,0.0,0.0
2024-12-21 17:45:11.796134,0.11906288947393431,0.0,0.0,0.0
2024-12-21 18:00:11.796134,0.1692915681998432,0.0,0.0,9.862866361712534
2024-12-21 18:15:11.796134,0.17795717825718438,0.0,0.0,0.0
2024-12-21 18:30:11.796134,0.1321569441997282,0.0,0.0,0.0
2024-12-21 18:45:11.796134,0.12993388808937503,0.0,0.0,9.474944022438134
2024-12-21 19:00:11.796134,0.12446969376021755,0.0,0.08048124133553755,0.0
2024-12-21 19:15:11.796134,0.17935522641648155,0.0,0.08726890775977325,0.0
2024-12-21 19:30:11.796134,0.16947421797367987,0.0,0.06428113104929889,0.0
2024-12-21 19:45:11.796134,0.16068423899330173,0.0,0.07177739422785748,0.0
2024-12-21 20:00:11.796134,0.1626115047032842,0.0,0.03395890712161838,0.0
2024-12-21 20:15:11.796134,0.15407990031754784,0.0,0.07567864269917596,0.0
2024-12-21 20:30:11.796134,0.09935438819533729,0.0,0.03231564186918162,0.0
2024-12-21 20:45:11.796134,0.16823264069244184,0.0,0.05968614170689186,0.0
2024-12-21 21:00:11.796134,0.16121919921581138,0.0,0.04922748530854471,0.0
2024-12-21 21:15:11.796134,0.15827760331498814,2.66726427316106,0.04919456879811718,0.0
2024-12-21 21:30:11.796134,0.14658629188740224,0.0,0.08783795815294261,0.0
2024-12-21 21:45:11.796134,0.16404268794150706,0.0,0.041995406108110825,0.0
2024-12-21 22:00:11.796134,0.13466547141685672,0.0,0.06762951907896789,9.986202254714454
2024-12-21 22:15:11.796134,0.1441902385536463,2.66726427316106,0.044611918687084896,0.0
2024-12-21 22:30:11.796134,0.12504420702043836,0.0,0.09638556344558544,0.0
2024-12-21 22:45:11.796134,0.1671987800305236,0.0,0.03603165071944725,7.1169125145578045
2024-12-21 23:00:11.796134,0.1295964880212908,0.0,0.09226123710029509,0.0
2024-12-21 23:15:11.796134,0.14462926760380065,0.0,0.029131323471310297,8.761822294108438
2024-12-21 23:30:11.796134,0.14624412256188302,0.0,0.05206505280202206,0.0
2024-12-21 23:45:11.796134,0.1552764099750933,0.0,0.08841891966943753,0.0
2024-12-22 00:00:11.796134,0.12643826561868624,0.0,0.0824776291362642,0.0
2024-12-22 00:15:11.796134,0.14932697235709447,0.0,0.08889556348538061,0.0
2024-12-22 00:30:11.796134,0.13885837271619328,0.0,0.06835159314339136,0.0
2024-12-22 00:45:11.796134,0.1543789637661916,0.0,0.025205976976257673,0.0
2024-12-22 01:00:11.796134,0.1472960161637753,0.0,0.09762887846311952,0.0
2024-12-22 01:15:11.796134,0.13810895814125673,2.66726427316106,0.09865661360247047,0.0
2024-12-22 01:30:11.796134,0.15028722268622347,0.0,0.023795295943082426,0.0
2024-12-22 01:45:11.796134,0.14516879709420136,0.0,0.057715994591590256,0.0
2024-12-22 02:00:11.796134,0.15473262748649352,0.0,0.030670793680898464,0.0
2024-12-22 02:15:11.796134,0.16014847606922938,0.0,0.04346396923300681,0.0
2024-12-22 02:30:11.796134,0.1844309425306869,0.0,0.06915034409897097,0.0
2024-12-22 02:45:11.796134,0.12809877592661237,0.0,0.04737142059472778,0.0
2024-12-22 03:00:11.796134,0.17315821833775233,0.0,0.09793126945882621,0.0
2024-12-22 03:15:11.796134,0.17252939559976424,0.0,0.08596922300090792,0.0
2024-12-22 03:30:11.796134,0.1634513054400609,0.0,0.03550150176825981,0.0
2024-12-22 03:45:11.796134,0.1472485271445244,0.0,0.07705660173905995,0.0
2024-12-22 04:00:11.796134,0.14737341835885323,0.0,0.06810922645704756,0.0
2024-12-22 04:15:11.796134,0.1532759055253997,0.0,0.03132935713358147,0.0
2024-12-22 04:30:11.796134,0.14529212973918548,0.0,0.02699712903865441,9.04842323686633
2024-12-22 04:45:11.796134,0.1589466806402704,0.0,0.09130746812188115,7.64941777764555
2024-12-22 05:00:11.796134,0.13488735063025326,0.0,0.06376564658860376,0.0
2024-12-22 05:15:11.796134,0.1648225920680515,0.0,0.04425794402788109,0.0
2024-12-22 05:30:11.796134,0.16704083947910633,0.0,0.036320688810913264,0.0
2024-12-22 05:45:11.796134,0.19273253504841875,0.0,0.08475867331925079,0.0
2024-12-22 06:00:11.796134,0.16313533429986998,0.0,0.0,0.0
2024-12-22 06:15:11.796134,0.20108461349716858,0.0,0.0,0.0
2024-12-22 06:30:11.796134,0.1237641992492263,0.0,0.0,7.422727769635539
2024-12-22 06:45:11.796134,0.1410940818459704,0.0,0.0,0.0
2024-12-22 07:00:11.796134,0.1299653675117894,0.0,0.0,0.0
2024-12-22 07:15:11.796134,0.14999687442819537,0.0,0.0,0.0
2024-12-22 07:30:11.796134,0.1583049602244862,0.0,0.0,0.0
2024-12-22 07:45:11.796134,0.15539180252215182,0.0,0.0,0.0
2024-12-22 08:00:11.796134,0.14381613690738793,0.0,0.0,0.0
2024-12-22 08:15:11.796134,0.14384510171792272,0.0,0.0,8.557901140839181
2024-12-22 08:30:11.796134,0.16844479810306764,0.0,0.0,0.0
2024-12-22 08:45:11.796134,0.13908426657850642,0.0,0.0,0.0
2024-12-22 09:00:11.796134,0.13665559235284308,0.0,0.0,0.0
2024-12-22 09:15:11.796134,0.17018677053256662,0.0,0.0,0.0
2024-12-22 09:30:11.796134,0.15750149224589619,0.0,0.0,0.0
2024-12-22 09:45:11.796134,0.14018106840244499,2.66726427316106,0.0,0.0
2024-12-22 10:00:11.796134,0.11118283240365551,0.0,0.0,0.0
2024-12-22 10:15:11.796134,0.15548928106943408,0.0,0.0,0.0
2024-12-22 10:30:11.796134,0.13207799162328634,0.0,0.0,0.0
2024-12-22 10:45:11.796134,0.16337969617218476,0.0,0.0,0.0
2024-12-22 11:00:11.796134,0.14877524623388289,0.0,0.0,7.476679765839655
2024-12-22 11:15:11.796134,0.17245640863094672,0.0,0.0,0.0
2024-12-22 11:30:11.796134,0.12887821109662465,0.0,0.0,0.0
2024-12-22 11:45:11.796134,0.16410411910145264,0.0,0.0,0.0
2024-12-22 12:00:11.796134,0.18431739111717907,0.0,0.0,0.0
2024-12-22 12:15:11.796134,0.14535248778623383,0.0,0.0,0.0
2024-12-22 12:30:11.796134,0.16991406871667603,0.0,0.0,0.0
2024-12-22 12:45:11.796134,0.178849279824007,0.0,0.0,0.0
2024-12-22 13:00:11.796134,0.1280056142094801,0.0,0.0,0.0
2024-12-22 13:15:11.796134,0.13185985879868256,2.66726427316106,0.0,0.0
2024-12-22 13:30:11.796134,0.16480302352460424,0.0,0.0,0.0
2024-12-22 13:45:11.796134,0.15237334457054547,0.0,0.0,0.0
2024-12-22 14:00:11.796134,0.17634881496734436,0.0,0.0,0.0
2024-12-22 14:15:11.796134,0.1270022323215641,0.0,0.0,0.0
2024-12-22 14:30:11.796134,0.17642141979861545,0.0,0.0,0.0
2024-12-22 14:45:11.796134,0.1525134257314064,0.0,0.0,8.179353129047099
2024-12-22 15:00:11.796134,0.14070446940365391,0.0,0.0,0.0
2024-12-22 15:15:11.796134,0.13934191592997455,0.0,0.0,0.0
2024-12-22 15:30:11.796134,0.14607292895111904,0.0,0.0,0.0
2024-12-22 15:45:11.796134,0.14946073107770505,2.66726427316106,0.0,0.0
2024-12-22 16:00:11.796134,0.17019592300965183,0.0,0.0,0.0
2024-12-22 16:15:11.796134,0.11870738000036885,0.0,0.0,0.0
2024-12-22 16:30:11.796134,0.1604830346531752,0.0,0.0,0.0
2024-12-22 16:45:11.796134,0.12614486569662658,0.0,0.0,0.0
2024-12-22 17:00:11.796134,0.15610350380415375,0.0,0.0,0.0
2024-12-22 17:15:11.796134,0.15402550342406385,0.0,0.0,0.0
2024-12-22 17:30:11.796134,0.15237707904884293,0.0,0.0,0.0
2024-12-22 17:45:11.796134,0.14584921205959903,0.0,0.0,0.0
2024-12-22 18:00:11.796134,0.09639691382501961,0.0,0.0,0.0
2024-12-22 18:15:11.796134,0.14627320259803062,0.0,0.0,0.0
2024-12-22 18:30:11.796134,0.1538414438608012,0.0,0.0,0.0
2024-12-22 18:45:11.796134,0.15863461374113114,0.0,0.0,0.0
2024-12-22 19:00:11.796134,0.13969274253845113,0.0,0.04599311123245567,7.7114833533407365
2024-12-22 19:15:11.796134,0.16088937696184485,0.0,0.03341751884531131,0.0
2024-12-22 19:30:11.796134,0.16140527603146915,0.0,0.0791406707455407,0.0
2024-12-22 19:45:11.796134,0.1491120558765969,2.66726427316106,0.08389402148243919,0.0
2024-12-22 20:00:11.796134,0.1486447673917479,0.0,0.028554562661562394,9.258198547345714
2024-12-22 20:15:11.796134,0.1436423566512719,0.0,0.0936596020737472,0.0
2024-12-22 20:30:11.796134,0.1416725777062588,0.0,0.030048132176355456,0.0
2024-12-22 20:45:11.796134,0.131429862206482,2.66726427316106,0.04237024732881137,0.0
2024-12-22 21:00:11.796134,0.16568491583255002,0.0,0.08371205830770988,0.0
2024-12-22 21:15:11.796134,0.17398791361001864,0.0,0.05284568863693141,0.0
2024-12-22 21:30:11.796134,0.1347780031674636,2.66726427316106,0.059162491882446655,0.0
2024-12-22 21:45:11.796134,0.1294179982009381,0.0,0.0568986528289666,0.0
2024-12-22 22:00:11.796134,0.1523657112686968,0.0,0.07051414870777525,0.0
2024-12-22 22:15:11.796134,0.08581222397508821,0.0,0.09839357611649618,0.0
2024-12-22 22:30:11.796134,0.17140751188537182,0.0,0.05110295284502196,0.0
2024-12-22 22:45:11.796134,0.16900969245978625,0.0,0.09963363105437203,0.0
2024-12-22 23:00:11.796134,0.13984053777800898,0.0,0.07014024050516833,0.0
2024-12-22 23:15:11.796134,0.1708169677042018,0.0,0.023287273765699716,0.0
2024-12-22 23:30:11.796134,0.13429535089255049,0.0,0.045906801207742515,0.0
2024-12-22 23:45:11.796134,0.15798013045581633,0.0,0.07404624079893904,0.0
2024-12-23 00:00:11.796134,0.16955600598130255,0.0,0.04074860489834661,0.0
2024-12-23 00:15:11.796134,0.16652962941895413,0.0,0.030478884519921243,0.0
2024-12-23 00:30:11.796134,0.13553255160660446,0.0,0.0939495286410392,0.0
2024-12-23 00:45:11.796134,0.14778087072872106,0.0,0.02747259073102959,10.635207929079744
2024-12-23 01:00:11.796134,0.14323524197120038,0.0,0.04402746512247984,0.0
2024-12-23 01:15:11.796134,0.1719131092494401,0.0,0.03159266978352474,0.0
2024-12-23 01:30:11.796134,0.1339407096037944,0.0,0.08542168590427046,0.0
2024-12-23 01:45:11.796134,0.12238824821980904,2.66726427316106,0.05216629406209154,9.177581145386522
2024-12-23 02:00:11.796134,0.20689618058469456,0.0,0.04982361707644138,0.0
2024-12-23 02:15:11.796134,0.1314500514066447,0.0,0.04804140539762902,10.746638082038666
2024-12-23 02:30:11.796134,0.12361997427092107,0.0,0.07092316728699138,0.0
2024-12-23 02:45:11.796134,0.20151827195812938,0.0,0.028779518143655505,0.0
2024-12-23 03:00:11.796134,0.10284434913707349,0.0,0.03985948691318765,0.0
2024-12-23 03:15:11.796134,0.12611281800756555,0.0,0.03389399519887493,0.0
2024-12-23 03:30:11.796134,0.14930336287809845,0.0,0.07583902186869859,0.0
2024-12-23 03:45:11.796134,0.15420019802993806,0.0,0.021734246266083463,0.0
2024-12-23 04:00:11.796134,0.16803778930102906,0.0,0.031538624444399116,0.0
2024-12-23 04:15:11.796134,0.18539458622331983,0.0,0.04210786938941977,0.0
2024-12-23 04:30:11.796134,0.17449517352261534,0.0,0.07104820275228671,0.0
2024-12-23 04:45:11.796134,0.13627506430666816,0.0,0.05321522788499487,0.0
2024-12-23 05:00:11.796134,0.1358847453819885,0.0,0.03998808469136331,8.700553753558186
2024-12-23 05:15:11.796134,0.15457829556938668,0.0,0.07495822788799542,7.670140441139193
2024-12-23 05:30:11.796134,0.1765007636501234,0.0,0.06301504530117322,0.0
2024-12-23 05:45:11.796134,0.17079400166041395,2.66726427316106,0.0972675378881005,0.0
2024-12-23 06:00:11.796134,0.12496146818634563,0.0,0.0,0.0
2024-12-23 06:15:11.796134,0.1338924876871649,0.0,0.0,0.0
2024-12-23 06:30:11.796134,0.13528750816583626,0.0,0.0,0.0
2024-12-23 06:45:11.796134,0.13799621015622335,0.0,0.0,0.0
2024-12-23 07:00:11.796134,0.17489755916000752,0.0,0.0,9.471578414190095
2024-12-23 07:15:11.796134,0.19038932457683963,0.0,0.0,9.182503237806053
2024-12-23 07:30:11.796134,0.15298614204853186,0.0,0.0,0.0
2024-12-23 07:45:11.796134,0.13589173016449,0.0,0.0,0.0
2024-12-23 08:00:11.796134,0.15044041830956484,0.0,0.0,0.0
2024-12-23 08:15:11.796134,0.16431116556269526,0.0,0.0,0.0
2024-12-23 08:30:11.796134,0.1445807557193919,0.0,0.0,10.865377321794705
2024-12-23 08:45:11.796134,0.15575011236422787,0.0,0.0,0.0
2024-12-23 09:00:11.796134,0.14728197391950457,2.66726427316106,0.0,0.0
2024-12-23 09:15:11.796134,0.14075562961455107,0.0,0.0,0.0
2024-12-23 09:30:11.796134,0.14369167823979856,0.0,0.0,0.0
2024-12-23 09:45:11.796134,0.15226291745356368,0.0,0.0,0.0
2024-12-23 10:00:11.796134,0.14704192142907552,2.66726427316106,0.0,10.527224577639599
2024-12-23 10:15:11.796134,0.1319675131694213,0.0,0.0,0.0
2024-12-23 10:30:11.796134,0.15256295130820047,0.0,0.0,0.0
2024-12-23 10:45:11.796134,0.12756171308698383,0.0,0.0,0.0
2024-12-23 11:00:11.796134,0.1336085643914552,0.0,0.0,0.0
2024-12-23 11:15:11.796134,0.15583770127687813,0.0,0.0,0.0
2024-12-23 11:30:11.796134,0.17167807484705228,0.0,0.0,0.0
2024-12-23 11:45:11.796134,0.1422672118808909,0.0,0.0,0.0
2024-12-23 12:00:11.796134,0.16142952170879651,2.66726427316106,0.0,0.0
2024-12-23 12:15:11.796134,0.14512629324097961,0.0,0.0,0.0
2024-12-23 12:30:11.796134,0.14424549368499218,0.0,0.0,0.0
2024-12-23 12:45:11.796134,0.16830897082985702,0.0,0.0,0.0
2024-12-23 13:00:11.796134,0.1680127963656201,0.0,0.0,0.0
2024-12-23 13:15:11.796134,0.1762540277011018,0.0,0.0,7.07389677350006
2024-12-23 13:30:11.796134,0.17249677539170674,0.0,0.0,0.0
2024-12-23 13:45:11.796134,0.16451583925648278,0.0,0.0,0.0
2024-12-23 14:00:11.796134,0.1274299714462535,0.0,0.0,0.0
2024-12-23 14:15:11.796134,0.14730580502908597,0.0,0.0,8.192832354958725
2024-12-23 14:30:11.796134,0.1619944309862655,0.0,0.0,0.0
2024-12-23 14:45:11.796134,0.17192713001723675,0.0,0.0,0.0
2024-12-23 15:00:11.796134,0.13883961032850112,0.0,0.0,0.0
2024-12-23 15:15:11.796134,0.15957337377613945,0.0,0.0,0.0
2024-12-23 15:30:11.796134,0.14756300644509804,0.0,0.0,8.30279176867564
2024-12-23 15:45:11.796134,0.16102434675347366,0.0,0.0,0.0
2024-12-23 16:00:11.796134,0.170196155439509,0.0,0.0,0.0
2024-12-23 16:15:11.796134,0.12685484627706684,0.0,0.0,0.0
2024-12-23 16:30:11.796134,0.15919896150472437,0.0,0.0,0.0
2024-12-23 16:45:11.796134,0.1515447229189138,0.0,0.0,0.0
2024-12-23 17:00:11.796134,0.11121385162626951,0.0,0.0,7.51141974129157
2024-12-23 17:15:11.796134,0.1431116410401392,0.0,0.0,0.0
2024-12-23 17:30:11.796134,0.1514355455982429,0.0,0.0,7.752676343309679
2024-12-23 17:45:11.796134,0.15321798471453335,0.0,0.0,0.0
2024-12-23 18:00:11.796134,0.14156605075428638,0.0,0.0,0.0
2024-12-23 18:15:11.796134,0.14532801981163826,0.0,0.0,0.0
2024-12-23 18:30:11.796134,0.13925611083723746,0.0,0.0,7.523666605870069
2024-12-23 18:45:11.796134,0.13946147730389064,0.0,0.0,0.0
2024-12-23 19:00:11.796134,0.16005971039308994,0.0,0.06129651129529905,0.0
2024-12-23 19:15:11.796134,0.15303346215427124,0.0,0.09817952447943962,0.0
2024-12-23 19:30:11.796134,0.17717117675376,0.0,0.06677875783078074,8.565103825032255
2024-12-23 19:45:11.796134,0.12680549852506334,0.0,0.0983271584181338,0.0
2024-12-23 20:00:11.796134,0.12203520442774171,0.0,0.058233692566043646,0.0
2024-12-23 20:15:11.796134,0.139170181531902,0.0,0.04477728903259935,0.0
2024-12-23 20:30:11.796134,0.14254856118387213,0.0,0.02218636399991417,0.0
2024-12-23 20:45:11.796134,0.11963371625297009,0.0,0.037712030296306015,0.0
2024-12-23 21:00:11.796134,0.17715320358305903,0.0,0.07599856684665425,0.0
2024-12-23 21:15:11.796134,0.14739769465499075,0.0,0.0505843308492727,0.0
2024-12-23 21:30:11.796134,0.15776758086587117,0.0,0.09389081016231164,0.0
2024-12-23 21:45:11.796134,0.1556049236160225,0.0,0.03283844628547679,0.0
2024-12-23 22:00:11.796134,0.16412469855525566,0.0,0.09969571702662444,0.0
2024-12-23 22:15:11.796134,0.13782699409061971,0.0,0.04824485754580246,0.0
2024-12-23 22:30:11.796134,0.16122459376127057,0.0,0.06170234929368476,0.0
2024-12-23 22:45:11.796134,0.1536462067954958,0.0,0.027053808686619833,0.0
2024-12-23 23:00:11.796134,0.1376835342196075,0.0,0.065932647649768,0.0
2024-12-23 23:15:11.796134,0.1491307342561015,0.0,0.03162867973450476,0.0
2024-12-23 23:30:11.796134,0.1819592284729005,0.0,0.06823537823842957,10.097258769767485
2024-12-23 23:45:11.796134,0.17404381330349974,2.66726427316106,0.06245097461464337,0.0
2024-12-24 00:00:11.796134,0.12733448669350864,2.66726427316106,0.0759107160313919,0.0
2024-12-24 00:15:11.796134,0.11626566185863757,0.0,0.07365884498848747,0.0
2024-12-24 00:30:11.796134,0.1506245669419933,0.0,0.06256212825327186,0.0
2024-12-24 00:45:11.796134,0.17450507882399494,0.0,0.045758261357859695,0.0
2024-12-24 01:00:11.796134,0.13204440031005588,0.0,0.022616891490143225,0.0
2024-12-24 01:15:11.796134,0.141664821418607,0.0,0.08209192184285857,0.0
2024-12-24 01:30:11.796134,0.17534092684767755,0.0,0.07152680520159871,0.0
2024-12-24 01:45:11.796134,0.12058638226125193,0.0,0.06292549260220498,0.0
2024-12-24 02:00:11.796134,0.13654915685077004,0.0,0.056885895530067676,9.996313596480146
2024-12-24 02:15:11.796134,0.14362584149444727,0.0,0.06481040013862105,0.0
2024-12-24 02:30:11.796134,0.1712729201123837,0.0,0.031291716436497016,0.0
2024-12-24 02:45:11.796134,0.15394820717385926,0.0,0.06318091410783798,0.0
2024-12-24 03:00:11.796134,0.14444770140912672,0.0,0.06139361067267013,0.0
2024-12-24 03:15:11.796134,0.133971743887753,0.0,0.03979154798721997,0.0
2024-12-24 03:30:11.796134,0.18338210157744944,0.0,0.020267045946774375,0.0
2024-12-24 03:45:11.796134,0.16591514183327805,0.0,0.0854674635392692,0.0
2024-12-24 04:00:11.796134,0.17182231369345596,0.0,0.06028814863576505,0.0
2024-12-24 04:15:11.796134,0.14879618249493057,0.0,0.033181508674880955,0.0
2024-12-24 04:30:11.796134,0.11312675155182142,0.0,0.041137799854898904,0.0
2024-12-24 04:45:11.796134,0.17202692658866903,0.0,0.03810615831723738,0.0
2024-12-24 05:00:11.796134,0.13452402861270266,0.0,0.07222326992476662,0.0
2024-12-24 05:15:11.796134,0.15218278212174008,0.0,0.08177644158125562,0.0
2024-12-24 05:30:11.796134,0.12315880308506671,0.0,0.057231407539396456,0.0
2024-12-24 05:45:11.796134,0.1859087773753928,0.0,0.07039160009652962,0.0
2024-12-24 06:00:11.796134,0.18324820743248146,0.0,0.0,0.0
2024-12-24 06:15:11.796134,0.1463543210344487,0.0,0.0,10.333593910479175
2024-12-24 06:30:11.796134,0.16810080477115685,0.0,0.0,0.0
2024-12-24 06:45:11.796134,0.1670603601826341,0.0,0.0,0.0
2024-12-24 07:00:11.796134,0.15699513825647438,0.0,0.0,0.0
2024-12-24 07:15:11.796134,0.16549535773545643,0.0,0.0,0.0
2024-12-24 07:30:11.796134,0.17639805534877062,0.0,0.0,0.0
2024-12-24 07:45:11.796134,0.12347996748453521,0.0,0.0,0.0
2024-12-24 08:00:11.796134,0.16417557968861776,0.0,0.0,0.0
2024-12-24 08:15:11.796134,0.14640299136935567,0.0,0.0,0.0
2024-12-24 08:30:11.796134,0.13139573040480776,0.0,0.0,0.0
2024-12-24 08:45:11.796134,0.14704251482036643,0.0,0.0,0.0
2024-12-24 09:00:11.796134,0.13250115979419191,0.0,0.0,7.965287530793168
2024-12-24 09:15:11.796134,0.1695028550275248,0.0,0.0,0.0
2024-12-24 09:30:11.796134,0.14346545223396112,0.0,0.0,0.0
2024-12-24 09:45:11.796134,0.18303951038273134,0.0,0.0,0.0
2024-12-24 10:00:11.796134,0.1200662744940741,0.0,0.0,0.0
2024-12-24 10:15:11.796134,0.12133209533371439,0.0,0.0,0.0
2024-12-24 10:30:11.796134,0.12858802147185489,0.0,0.0,0.0
2024-12-24 10:45:11.796134,0.18034123138778188,0.0,0.0,0.0
2024-12-24 11:00:11.796134,0.15599074086807552,0.0,0.0,0.0
2024-12-24 11:15:11.796134,0.1360952789528437,0.0,0.0,0.0
2024-12-24 11:30:11.796134,0.14679830847680544,0.0,0.0,0.0
2024-12-24 11:45:11.796134,0.12634349891448163,0.0,0.0,0.0
2024-12-24 12:00:11.796134,0.131751842872317,2.66726427316106,0.0,0.0
2024-12-24 12:15:11.796134,0.16358834394506208,0.0,0.0,0.0
2024-12-24 12:30:11.796134,0.12978283865831186,0.0,0.0,0.0
2024-12-24 12:45:11.796134,0.11217121029827777,0.0,0.0,10.404479686122809
2024-12-24 13:00:11.796134,0.13340202923942257,0.0,0.0,0.0
2024-12-24 13:15:11.796134,0.10388362373323408,0.0,0.0,0.0
2024-12-24 13:30:11.796134,0.13928131209550526,0.0,0.0,0.0
2024-12-24 13:45:11.796134,0.15998772209683446,0.0,0.0,8.461319079492345
2024-12-24 14:00:11.796134,0.15609390439785983,0.0,0.0,0.0
2024-12-24 14:15:11.796134,0.14050384618669484,0.0,0.0,0.0
2024-12-24 14:30:11.796134,0.13291776031004351,0.0,0.0,0.0
2024-12-24 14:45:11.796134,0.16425527784341915,0.0,0.0,0.0
2024-12-24 15:00:11.796134,0.15136971602845442,0.0,0.0,0.0
2024-12-24 15:15:11.796134,0.1466679267745817,0.0,0.0,0.0
2024-12-24 15:30:11.796134,0.16039103603106386,0.0,0.0,10.491471635528779
2024-12-24 15:45:11.796134,0.12922949551918464,0.0,0.0,0.0
2024-12-24 16:00:11.796134,0.18643598565181074,0.0,0.0,0.0
2024-12-24 16:15:11.796134,0.1572469221527922,0.0,0.0,0.0
2024-12-24 16:30:11.796134,0.16635994614993507,0.0,0.0,0.0
2024-12-24 16:45:11.796134,0.16965002014321434,0.0,0.0,0.0
2024-12-24 17:00:11.796134,0.11594476365790776,0.0,0.0,0.0
2024-12-24 17:15:11.796134,0.14474182531053564,0.0,0.0,0.0
2024-12-24 17:30:11.796134,0.16728442764323717,0.0,0.0,0.0
2024-12-24 17:45:11.796134,0.16388882074523217,0.0,0.0,7.676538505392678
2024-12-24 18:00:11.796134,0.1861590494343434,0.0,0.0,0.0
2024-12-24 18:15:11.796134,0.16246819933593143,0.0,0.0,9.084026690879133
2024-12-24 18:30:11.796134,0.145312896516335,0.0,0.0,0.0
2024-12-24 18:45:11.796134,0.11346542879360016,0.0,0.0,0.0
2024-12-24 19:00:11.796134,0.14627245255013513,0.0,0.08196207784451877,0.0
2024-12-24 19:15:11.796134,0.16167463883557026,0.0,0.09406630635307603,0.0
2024-12-24 19:30:11.796134,0.1608603760946318,0.0,0.097914998914174,0.0
2024-12-24 19:45:11.796134,0.14840233619045215,0.0,0.06507934792231086,0.0
2024-12-24 20:00:11.796134,0.15298507076294615,0.0,0.04743802603241236,0.0
2024-12-24 20:15:11.796134,0.13544974647384483,0.0,0.06988562917593386,0.0
2024-12-24 20:30:11.796134,0.14974452677814196,0.0,0.09418977735696253,0.0
2024-12-24 20:45:11.796134,0.15630647605816542,0.0,0.05115055976475466,7.4263998140689065
2024-12-24 21:00:11.796134,0.15126103617745643,0.0,0.03686440632793749,0.0
2024-12-24 21:15:11.796134,0.16752413268298388,0.0,0.07238593419690693,0.0
2024-12-24 21:30:11.796134,0.14679306069562612,0.0,0.06304638402152085,0.0
2024-12-24 21:45:11.796134,0.17972428659013387,2.66726427316106,0.021432891663784287,0.0
2024-12-24 22:00:11.796134,0.14460356610527086,0.0,0.06409061717455145,0.0
2024-12-24 22:15:11.796134,0.1656958341337799,0.0,0.060577115927310535,0.0
2024-12-24 22:30:11.796134,0.16096684625526314,0.0,0.09550954019009039,0.0
2024-12-24 22:45:11.796134,0.12087710677559588,0.0,0.08888617445008219,0.0
2024-12-24 23:00:11.796134,0.1729725233501243,0.0,0.09083762647323772,0.0
2024-12-24 23:15:11.796134,0.1360413031218105,0.0,0.035173825264239886,0.0
2024-12-24 23:30:11.796134,0.16450407171122264,0.0,0.05214462431915397,0.0
2024-12-24 23:45:11.796134,0.14156431968193206,0.0,0.0840356329269787,0.0
2024-12-25 00:00:11.796134,0.11978562559672794,0.0,0.05565545275397482,0.0
2024-12-25 00:15:11.796134,0.14424147573767673,0.0,0.022409372595781126,0.0
2024-12-25 00:30:11.796134,0.17865924072166783,0.0,0.050919817386216044,0.0
2024-12-25 00:45:11.796134,0.1758587348754121,0.0,0.040378252185804445,0.0
2024-12-25 01:00:11.796134,0.15149852686614432,0.0,0.09848068568464677,0.0
2024-12-25 01:15:11.796134,0.13365409267550743,0.0,0.023660226224901396,10.594720170710634
2024-12-25 01:30:11.796134,0.16988318965041418,0.0,0.060582867403645796,0.0
2024-12-25 01:45:11.796134,0.20005240373955227,0.0,0.05496389088249351,0.0
2024-12-25 02:00:11.796134,0.11930227297176585,0.0,0.04412271244946237,0.0
2024-12-25 02:15:11.796134,0.1499942957814333,0.0,0.02982541573403813,0.0
2024-12-25 02:30:11.796134,0.13744396247312446,0.0,0.027539999928589395,7.538359030126276
2024-12-25 02:45:11.796134,0.1013369627127887,0.0,0.028879674945648776,0.0
2024-12-25 03:00:11.796134,0.1327447072458663,0.0,0.09045813639030817,0.0
2024-12-25 03:15:11.796134,0.17998909130824853,0.0,0.07175088990013814,0.0
2024-12-25 03:30:11.796134,0.17271656339595615,0.0,0.047787327137140456,0.0
2024-12-25 03:45:11.796134,0.1872425865380107,0.0,0.08848761591334055,9.051332251919586
2024-12-25 04:00:11.796134,0.130614835453201,0.0,0.04362508024102564,0.0
2024-12-25 04:15:11.796134,0.14529523945957126,0.0,0.09136102320485932,0.0
2024-12-25 04:30:11.796134,0.1429092446763234,0.0,0.0952173564276677,9.230325960915643
2024-12-25 04:45:11.796134,0.17207190551721957,0.0,0.07182631964721574,9.195808322539664
2024-12-25 05:00:11.796134,0.17812868368349913,0.0,0.061116361160338306,9.972364637172326
2024-12-25 05:15:11.796134,0.13668773961405142,0.0,0.02625773823570185,0.0
2024-12-25 05:30:11.796134,0.158178907244871,0.0,0.03521487138592069,0.0
2024-12-25 05:45:11.796134,0.14456984733230885,0.0,0.02674483576635156,0.0
2024-12-25 06:00:11.796134,0.1509149865404302,0.0,0.0,0.0
2024-12-25 06:15:11.796134,0.18106530282847746,0.0,0.0,0.0
2024-12-25 06:30:11.796134,0.17655579444460517,0.0,0.0,7.330191910385583
2024-12-25 06:45:11.796134,0.1618503160747532,0.0,0.0,0.0
2024-12-25 07:00:11.796134,0.16053882145969564,0.0,0.0,0.0
2024-12-25 07:15:11.796134,0.1721640415095575,0.0,0.0,0.0
2024-12-25 07:30:11.796134,0.17095297394143052,0.0,0.0,0.0
2024-12-25 07:45:11.796134,0.13978487406409615,0.0,0.0,0.0
2024-12-25 08:00:11.796134,0.17200442964627086,2.66726427316106,0.0,0.0
2024-12-25 08:15:11.796134,0.1399835295394107,2.66726427316106,0.0,0.0
2024-12-25 08:30:11.796134,0.16663822185329566,0.0,0.0,0.0
2024-12-25 08:45:11.796134,0.13193435809014994,0.0,0.0,0.0
2024-12-25 09:00:11.796134,0.1817392497584687,0.0,0.0,0.0
2024-12-25 09:15:11.796134,0.13080264615601686,0.0,0.0,0.0
2024-12-25 09:30:11.796134,0.1395177703794846,0.0,0.0,0.0
2024-12-25 09:45:11.796134,0.14674839062661388,0.0,0.0,0.0
2024-12-25 10:00:11.796134,0.16552033870175975,0.0,0.0,0.0
2024-12-25 10:15:11.796134,0.12697767648766173,0.0,0.0,10.786722413551605
2024-12-25 10:30:11.796134,0.173615920235411,0.0,0.0,0.0
2024-12-25 10:45:11.796134,0.1850311902445379,0.0,0.0,0.0
2024-12-25 11:00:11.796134,0.16209984136831138,0.0,0.0,8.455015172761986
2024-12-25 11:15:11.796134,0.1680466895820256,0.0,0.0,0.0
2024-12-25 11:30:11.796134,0.1622750547317951,0.0,0.0,0.0
2024-12-25 11:45:11.796134,0.13518169722522708,0.0,0.0,10.515764419830475
2024-12-25 12:00:11.796134,0.1330361496338423,0.0,0.0,0.0
2024-12-25 12:15:11.796134,0.18056233768300714,0.0,0.0,7.149388681629161
2024-12-25 12:30:11.796134,0.15139301047245743,0.0,0.0,0.0
2024-12-25 12:45:11.796134,0.14062039487500771,0.0,0.0,8.972054861872095
2024-12-25 13:00:11.796134,0.15405716380085221,0.0,0.0,0.0
2024-12-25 13:15:11.796134,0.14104990376875964,0.0,0.0,0.0
2024-12-25 13:30:11.796134,0.10562653381904763,0.0,0.0,0.0
2024-12-25 13:45:11.796134,0.14570423613153435,0.0,0.0,0.0
2024-12-25 14:00:11.796134,0.1655482165971377,0.0,0.0,0.0
2024-12-25 14:15:11.796134,0.12170476408677017,0.0,0.0,0.0
2024-12-25 14:30:11.796134,0.16805588671915475,0.0,0.0,0.0
2024-12-25 14:45:11.796134,0.17604978314063696,0.0,0.0,0.0
2024-12-25 15:00:11.796134,0.15090839276601542,0.0,0.0,0.0
2024-12-25 15:15:11.796134,0.1379733130530063,0.0,0.0,0.0
2024-12-25 15:30:11.796134,0.1491226537749134,0.0,0.0,0.0
2024-12-25 15:45:11.796134,0.15894913517053308,0.0,0.0,8.935241307378611
2024-12-25 16:00:11.796134,0.15039857849637767,2.66726427316106,0.0,9.57035068350974
2024-12-25 16:15:11.796134,0.15968044554613695,0.0,0.0,0.0
2024-12-25 16:30:11.796134,0.19263785303533773,0.0,0.0,7.5972883660882395
2024-12-25 16:45:11.796134,0.1302726760620447,0.0,0.0,0.0
2024-12-25 17:00:11.796134,0.15194797126950788,0.0,0.0,0.0
2024-12-25 17:15:11.796134,0.13404167612789092,0.0,0.0,0.0
2024-12-25 17:30:11.796134,0.15531753182661995,0.0,0.0,0.0
2024-12-25 17:45:11.796134,0.15184302217386894,0.0,0.0,0.0
2024-12-25 18:00:11.796134,0.17057165106510075,0.0,0.0,0.0
2024-12-25 18:15:11.796134,0.1487884269519892,0.0,0.0,0.0
2024-12-25 18:30:11.796134,0.15685400907606173,0.0,0.0,0.0
2024-12-25 18:45:11.796134,0.14070352857234375,0.0,0.0,0.0
2024-12-25 19:00:11.796134,0.11493600966007933,0.0,0.09194074419764485,0.0
2024-12-25 19:15:11.796134,0.15382070467250838,0.0,0.07718281444791926,0.0
2024-12-25 19:30:11.796134,0.1391458461492043,0.0,0.04906354965739328,0.0
2024-12-25 19:45:11.796134,0.16239277974866312,0.0,0.052104122900788946,0.0
2024-12-25 20:00:11.796134,0.1309535334891153,0.0,0.04612953352806633,0.0
2024-12-25 20:15:11.796134,0.17002207601049113,0.0,0.08457346797572951,0.0
2024-12-25 20:30:11.796134,0.12689360973212338,0.0,0.05429304913181231,0.0
2024-12-25 20:45:11.796134,0.13262085922337646,0.0,0.020347073535323883,0.0
2024-12-25 21:00:11.796134,0.1725077282301986,0.0,0.05159129769083626,0.0
2024-12-25 21:15:11.796134,0.1533337742627422,0.0,0.09863926941713713,0.0
2024-12-25 21:30:11.796134,0.1372570799320969,0.0,0.08026952362507421,0.0
2024-12-25 21:45:11.796134,0.14366057278681635,0.0,0.07929801630701848,0.0
2024-12-25 22:00:11.796134,0.1458866542380119,0.0,0.07477138958165262,0.0
2024-12-25 22:15:11.796134,0.15582453240885627,0.0,0.0652439141715086,0.0
2024-12-25 22:30:11.796134,0.16787760940620222,0.0,0.05713783145646603,0.0
2024-12-25 22:45:11.796134,0.15202616523907722,0.0,0.04808418085344062,0.0
2024-12-25 23:00:11.796134,0.1663173132439237,0.0,0.029868562258887857,0.0
2024-12-25 23:15:11.796134,0.13216080780624445,0.0,0.09097095743349584,7.735202031835584
2024-12-25 23:30:11.796134,0.13597184920340033,0.0,0.05827631593295421,0.0
2024-12-25 23:45:11.796134,0.1282758840115652,0.0,0.07125014369185766,0.0
2024-12-26 00:00:11.796134,0.15386513766846055,0.0,0.043311232252901816,0.0
2024-12-26 00:15:11.796134,0.12965290617911507,0.0,0.06784171193778904,0.0
2024-12-26 00:30:11.796134,0.15019929789392938,0.0,0.09187764939141933,0.0
2024-12-26 00:45:11.796134,0.12283314663622277,0.0,0.052964693569360066,0.0
2024-12-26 01:00:11.796134,0.14668624211700204,0.0,0.025433207480692985,0.0
2024-12-26 01:15:11.796134,0.13305440263553242,0.0,0.07688890745846698,0.0
2024-12-26 01:30:11.796134,0.18339264569768446,0.0,0.04330646483025445,0.0
2024-12-26 01:45:11.796134,0.14390596238401557,0.0,0.042335956586711576,0.0
2024-12-26 02:00:11.796134,0.15979145528860733,0.0,0.04550849942501464,0.0
2024-12-26 02:15:11.796134,0.154598630564295,0.0,0.0916943767535436,0.0
2024-12-26 02:30:11.796134,0.13905070144114715,0.0,0.08304710585034066,0.0
2024-12-26 02:45:11.796134,0.1726824868888599,0.0,0.04353734706703756,0.0
2024-12-26 03:00:11.796134,0.16986240200964725,0.0,0.03443132887878265,0.0
2024-12-26 03:15:11.796134,0.13400380287293628,0.0,0.08390777468974904,0.0
2024-12-26 03:30:11.796134,0.14841801887907127,0.0,0.05644252355073694,0.0
2024-12-26 03:45:11.796134,0.1534042668283759,0.0,0.051787712792818116,0.0
2024-12-26 04:00:11.796134,0.16706441486954465,0.0,0.08619852754562153,0.0
2024-12-26 04:15:11.796134,0.14952300347527464,0.0,0.051936448584244205,0.0
2024-12-26 04:30:11.796134,0.17332928039441964,0.0,0.04930338284052004,0.0
2024-12-26 04:45:11.796134,0.14921797370034054,0.0,0.057234184511145716,0.0
2024-12-26 05:00:11.796134,0.1545497901146415,2.66726427316106,0.09382663228138806,0.0
2024-12-26 05:15:11.796134,0.17549132798145262,0.0,0.07902885526980502,9.511149076638231
2024-12-26 05:30:11.796134,0.16968741758584435,0.0,0.06731162439449116,0.0
2024-12-26 05:45:11.796134,0.1319754724489516,0.0,0.03298799124172916,0.0
2024-12-26 06:00:11.796134,0.15234328709934403,0.0,0.0,0.0
2024-12-26 06:15:11.796134,0.1558380414358299,0.0,0.0,0.0
2024-12-26 06:30:11.796134,0.14703169721391388,0.0,0.0,0.0
2024-12-26 06:45:11.796134,0.11912446908556502,0.0,0.0,7.184603653831651
2024-12-26 07:00:11.796134,0.14861380699882495,0.0,0.0,0.0
2024-12-26 07:15:11.796134,0.19609480544860944,0.0,0.0,0.0
2024-12-26 07:30:11.796134,0.1695356026372274,0.0,0.0,7.793878881318353
2024-12-26 07:45:11.796134,0.16413369783450824,0.0,0.0,0.0
2024-12-26 08:00:11.796134,0.16912711048280224,0.0,0.0,10.670189777434457
2024-12-26 08:15:11.796134,0.09672163899295827,0.0,0.0,0.0
2024-12-26 08:30:11.796134,0.17629422065098568,0.0,0.0,0.0
2024-12-26 08:45:11.796134,0.1524026046841496,0.0,0.0,0.0
2024-12-26 09:00:11.796134,0.15576233396065559,0.0,0.0,0.0
2024-12-26 09:15:11.796134,0.13659742590970345,0.0,0.0,0.0
2024-12-26 09:30:11.796134,0.1649158422438925,0.0,0.0,10.822025816189516
2024-12-26 09:45:11.796134,0.15893107813513593,0.0,0.0,0.0
2024-12-26 10:00:11.796134,0.14264546747977505,0.0,0.0,0.0
2024-12-26 10:15:11.796134,0.1616622814297165,0.0,0.0,0.0
2024-12-26 10:30:11.796134,0.15021862171934447,0.0,0.0,0.0
2024-12-26 10:45:11.796134,0.15429210880967967,0.0,0.0,8.49131132399547
2024-12-26 11:00:11.796134,0.1505403104828636,0.0,0.0,0.0
2024-12-26 11:15:11.796134,0.15995943986509234,0.0,0.0,10.456572840529887
2024-12-26 11:30:11.796134,0.15700039650643233,0.0,0.0,0.0
2024-12-26 11:45:11.796134,0.16521277022164133,0.0,0.0,7.997258795160102
